PMID	GT_Mutations	PubMind-Wei2013_pro_Mutations	TP	FP	FN	Total_GT	Total_PubMind-Wei2013_pro	Precision	Recall	F1	Accuracy
12915397	{'A55V', 'Ala55Val'}	{'Ala55Val'}	1	0	1	2	1	1.0	0.5	0.6666666666666666	0.5
15200509	{'Tyr246X'}	{'Tyr246X'}	1	0	0	1	1	1.0	1.0	1.0	1.0
15304120	{'Y486D', 'G71R', 'P229Q', 'P364L'}	{'Y486D', 'G71R', 'P229Q', 'P364L'}	4	0	0	4	4	1.0	1.0	1.0	1.0
15485686	{'V1764M', 'I1762A', 'V1763M'}	{'V1763M'}	1	0	2	3	1	1.0	0.3333333333333333	0.5	0.3333333333333333
15667541	{'Glu29Lys', 'E29K'}	{'Glu29Lys'}	1	0	1	2	1	1.0	0.5	0.6666666666666666	0.5
15668505	{'N372H'}	{'N372H'}	1	0	0	1	1	1.0	1.0	1.0	1.0
15749661	{'L490R', 'C282Y', 'V561X', 'I238M'}	{'L490R', 'V561X', 'I238M'}	3	0	1	4	3	1.0	0.75	0.8571428571428571	0.75
15754732	{'Q536X', 'R171Q', 'P291A', 'D418D', 'L89R'}	{'Q536X', 'R171Q', 'P291A', 'D418D', 'L89R'}	5	0	0	5	5	1.0	1.0	1.0	1.0
15770495	{'R266W', 'G196S', 'V89L', 'G183S', 'A207D', 'Q126R', 'G158R', 'A49T', 'R246W'}	{'R266W', 'G196S', 'IVS3+1G>A', 'G183S', 'V89L', 'del418T', 'A207D', 'del642T', 'Q126R', 'G158R', 'A49T', '217218insC', 'R246W'}	9	4	0	9	13	0.6923076923076923	1.0	0.8181818181818181	0.6923076923076923
15867855	{'157delMTTTVP'}	set()	0	0	1	1	0	0.0	0.0	0.0	0.0
15880727	{'A150P', 'N335K', 'R60X', 'C178R', 'A175D', 'Y204X', 'L284P'}	{'A150P', 'N335K', 'C178R', 'R60X', 'A175D', 'Y204X', 'L284P'}	7	0	0	7	7	1.0	1.0	1.0	1.0
16051693	{'V175M'}	{'V175M'}	1	0	0	1	1	1.0	1.0	1.0	1.0
16088915	{'Arg792Gly'}	{'Arg792Gly'}	1	0	0	1	1	1.0	1.0	1.0	1.0
16181814	{'A467T', 'E873sp', 'E873TAG'}	{'A467T', 'E873*'}	1	1	2	3	2	0.5	0.3333333333333333	0.4	0.25
16186368	{'K386T', 'S482X'}	{'K386T', 'S482X'}	2	0	0	2	2	1.0	1.0	1.0	1.0
16252083	{'Asn>Sersubstitutionatcodon127', 'Gly322Asp', 'Asn127Ser', 'Gly>Aspchangeatcodon322'}	{'Asn127Ser', 'Gly322Asp'}	2	0	2	4	2	1.0	0.5	0.6666666666666666	0.5
16256386	{'S349A', 'L367L', 'Q267E', 'G346R', 'F302fsX39', 'R400K', 'Y154H', 'R243Q', 'R157I', 'R111X', 'Q267H', 'Y356X', 'I38fsX19', 'R157K', 'R413P', 'T200fsX6'}	{'R400K', 'IVS4+3G>C', 'R413P', 'G346R', 'R157I', 'R111X', 'Y356X', 'I38fsX19', 'R157K', 'T200fsX6', 'S349A', 'L367L', 'IVS12+4A>G', 'F302fsX39', 'Y154H', 'R243Q', 'EX696A>G', 'Q267E', 'IVS12+6T>A', 'Q267H'}	16	4	0	16	20	0.8	1.0	0.888888888888889	0.8
16525586	{'Ser413Leu', 'Arg260His', 'Ser263Phe', 'Tyr547fs', 'Val414Phe', 'Ser290/Ala291fs', 'Tyr69X'}	{'Ser413Leu', 'Arg260His', 'Ser263Phe', 'Tyr547fs', 'Val414Phe', 'Ser290/Ala291fs', 'Tyr69X'}	7	0	0	7	7	1.0	1.0	1.0	1.0
16543197	{'G1103R'}	{'G1103R'}	1	0	0	1	1	1.0	1.0	1.0	1.0
16644711	{'Tyr1306Cys'}	{'Tyr1306Cys'}	1	0	0	1	1	1.0	1.0	1.0	1.0
17059986	{'Ser555Leu'}	{'Ser555Leu'}	1	0	0	1	1	1.0	1.0	1.0	1.0
17292585	{'A174D', 'N334K', 'A149P'}	set()	0	0	3	3	0	0.0	0.0	0.0	0.0
17391797	{'Val175Met', 'V175M'}	{'Val175Met'}	1	0	1	2	1	1.0	0.5	0.6666666666666666	0.5
18166824	{'M200V', 'P29S'}	{'M200V', 'P29S'}	2	0	0	2	2	1.0	1.0	1.0	1.0
18189233	{'R462Q', 'K294E', 'D541E'}	{'R462Q', 'K294E', 'D541E'}	3	0	0	3	3	1.0	1.0	1.0	1.0
18372165	{'Arg153X'}	{'Arg153X'}	1	0	0	1	1	1.0	1.0	1.0	1.0
18397285	{'L1503Q', 'L1503R'}	{'L1503R'}	1	0	1	2	1	1.0	0.5	0.6666666666666666	0.5
18606230	{'R1858X', 'Y1854X'}	{'R1858X', 'Y1854X'}	2	0	0	2	2	1.0	1.0	1.0	1.0
18672102	{'P407Q', 'A442V', 'A6V', 'S429T', 'E359K', 'P163S'}	{'P407Q', 'A442V', 'A6V', 'S429T', 'E359K', 'P163S'}	6	0	0	6	6	1.0	1.0	1.0	1.0
18945288	{'Arg58fs', 'R58fs'}	{'Arg58fs'}	1	0	1	2	1	1.0	0.5	0.6666666666666666	0.5
19223935	{'Ser863Asn', 'Leu203fsX15', 'Glu98X'}	{'Ser863Asn', 'Leu203fsX15', 'Glu98X'}	3	0	0	3	3	1.0	1.0	1.0	1.0
19276632	{'Tyr428Tyr', 'Ser424Ser', 'Ala88Thr'}	{'Tyr428Tyr', 'Ser424Ser', 'Ala[33]Ala[33]insAla', 'Ala88Thr'}	3	1	0	3	4	0.75	1.0	0.8571428571428571	0.75
19429592	{'E299sp', 'G289sp', 'E169sp', 'S522fs525sp'}	{'E299*', 'S522fs*525', 'E169*', 'G289*'}	0	4	4	4	4	0.0	0.0	0.0	0.0
19781362	{'R298Q'}	{'R298Q'}	1	0	0	1	1	1.0	1.0	1.0	1.0
19881468	{'Ser326Cys'}	{'Ser326Cys'}	1	0	0	1	1	1.0	1.0	1.0	1.0
20019594	{'S173fsX174', 'E180K', 'R194S', 'D157fsX158', 'C152G'}	{'S173fsX174', 'E180K', 'R194S', 'D157fsX158', 'C152G'}	5	0	0	5	5	1.0	1.0	1.0	1.0
20331852	{'R68C'}	{'R68C'}	1	0	0	1	1	1.0	1.0	1.0	1.0
20454699	{'C119Y'}	{'C119Y'}	1	0	0	1	1	1.0	1.0	1.0	1.0
20648600	{'I195M', 'E164D', 'V173L', 'M204V', 'L180M'}	{'sE164D', 'rtV173L', 'sI195M', 'rtM204V', 'rtL180M'}	5	0	0	5	5	1.0	1.0	1.0	1.0
20738799	{'I597T'}	{'I597T'}	1	0	0	1	1	1.0	1.0	1.0	1.0
20801104	{'1240L/S'}	set()	0	0	1	1	0	0.0	0.0	0.0	0.0
20846357	{'Ala88Val', 'Asp50Asn'}	{'Ala88Val'}	1	0	1	2	1	1.0	0.5	0.6666666666666666	0.5
21099701	{'G303E'}	{'Gly303Glu'}	0	1	1	1	1	0.0	0.0	0.0	0.0
21325775	{'Arg158Pro'}	{'Pro158Arg'}	0	1	1	1	1	0.0	0.0	0.0	0.0
21405999	{'Glu155Asp'}	{'Glu155Asp'}	1	0	0	1	1	1.0	1.0	1.0	1.0
21559944	{'Val35AlafsX25'}	{'Val35AlafsX25'}	1	0	0	1	1	1.0	1.0	1.0	1.0
21682595	{'Arg399Gln'}	{'Arg399Gln'}	1	0	0	1	1	1.0	1.0	1.0	1.0
21738389	{'Pro246HisfsX13'}	{'Pro246HisfsX13'}	1	0	0	1	1	1.0	1.0	1.0	1.0
21897748	{'V44M'}	{'V44M'}	1	0	0	1	1	1.0	1.0	1.0	1.0
22051099	{'S276T'}	{'S276T'}	1	0	0	1	1	1.0	1.0	1.0	1.0
22129472	{'Asp569Valfs*93'}	{'Asp569Valfs*93'}	1	0	0	1	1	1.0	1.0	1.0	1.0
22188495	{'Arg987Ter'}	{'Arg987Ter'}	1	0	0	1	1	1.0	1.0	1.0	1.0
